name,phoneNumber,email,address,postalCode,nip
Hartmann and Sons,753-337-7602,neyckel0@g.co,15427 Maywood Hill,45-564,41190-187
"Von, Nader and Cummings",457-160-3606,mjakaway1@goo.ne.jp,797 Ridgeway Street,33-421,36987-1514
Franecki-Hudson,384-348-0409,fspur2@microsoft.com,60 Prentice Plaza,99-421,0555-0484
"Botsford, Barrows and Goodwin",217-892-0147,bgetch3@skype.com,4 Erie Center,4730-062,11822-3865
"Pfannerstill, Bode and Waelchi",123-148-6949,escripps4@java.com,0 Thierer Center,4815-019,24338-656
Goldner Group,127-299-2870,jyakebovitch5@time.com,4 Kenwood Parkway,21-213,35356-804
Denesik-Glover,926-254-9665,scockerham6@wp.com,91817 Acker Hill,44-418,36987-2806
"Tremblay, Satterfield and Rempel",723-297-4826,rrappport7@webnode.com,12220 Straubel Road,22-908,10345-024
"Abbott, Schinner and Nader",563-686-6465,bjaimez8@technorati.com,824 Cottonwood Trail,4815-019,0469-0125
"Mertz, Satterfield and Gislason",295-212-6122,mtomek9@chicagotribune.com,28232 La Follette Avenue,4815-019,43598-321
